Company;Title;URL
ING;When every cent counts;https://www.ing.com/Newsroom/News/When-every-cent-counts.htm
ING;Ever been told to tone it down? #PrideMattersEveryDay;https://www.ing.com/Newsroom/News/Ever-been-told-to-tone-it-down-PrideMattersEveryDay.htm
ING;#CupofCulture: using coffee to stir conversations on culture;https://www.ing.com/Newsroom/News/CupofCulture-using-coffee-to-stir-conversations-on-culture.htm
ING;Customers name ING World’s Best Bank 2024;https://www.ing.com/Newsroom/News/Customers-name-ING-Worlds-Best-Bank-2024.htm
ING;New Dutch functionality to unmask scammers;https://www.ing.com/Newsroom/News/New-Dutch-functionality-to-unmask-scammers.htm
ING;Onlineshopping experience improved with Click to Pay;https://www.ing.com/Newsroom/News/Onlineshopping-experience-improved-with-Click-to-Pay.htm
ING;New Dutch cards to feature angular notch;https://www.ing.com/Newsroom/News/New-Dutch-cards-to-feature-angular-notch.htm
ING;ING responds to letter Friends of the Earth;https://www.ing.com/Newsroom/News/ING-responds-to-letter-Friends-of-the-Earth.htm
ING;The rise and rise of DealWise;https://www.ing.com/Newsroom/News/The-rise-and-rise-of-DealWise.htm
ING;ING reacts to Friends of the Earth announcement;https://www.ing.com/Newsroom/News/ING-reacts-to-Friends-of-the-Earth-announcement.htm
ABN AMRO;Changemaker Award for Chantal Korteweg, Head of Social Impact & Inclusive Banking;https://www.abnamro.com/en/news/changemaker-award-for-chantal-korteweg-head-of-social-impact-and-inclusive
ABN AMRO;Ajax Women’s main sponsor ABN AMRO teams with singer Roxeanne Hazes in ode to Sherida Spitse;https://www.abnamro.com/en/news/ajax-womens-main-sponsor-abn-amro-teams-with-singer-roxeanne-hazes-in-ode-to
ABN AMRO;ABN AMRO invests in all-female founded climate-tech fund Blume Equity;https://www.abnamro.com/en/news/abn-amro-invests-in-all-female-founded-climate-tech-fund-blume-equity
ABN AMRO;ABN AMRO supplier attacked by ransomware;https://www.abnamro.com/en/news/abn-amro-supplier-attacked-by-ransomware
ABN AMRO;One in eight Dutch people don’t know that a bank would never ask to send in their debit card;https://www.abnamro.com/en/news/one-in-eight-dutch-people-dont-know-that-a-bank-would-never-ask-to-send-in
ABN AMRO;ABN AMRO commemorates fallen colleagues of the Second World War;https://www.abnamro.com/en/news/abn-amro-commemorates-fallen-colleagues-of-the-second-world-war
ABN AMRO;ABetterNature wins Partnership Verkiezing 2024 for ABN AMRO;https://www.abnamro.com/en/news/abetternature-wins-partnership-verkiezing-2024-for-abn-amro
ABN AMRO;Digital payments on King’s Day growing in popularity and creativity;https://www.abnamro.com/en/news/digital-payments-on-kingsday-more-and-more-popular
ABN AMRO;Winner of 12th ABN AMRO Art Prize gets exhibition at Stedelijk Museum in Amsterdam;https://www.abnamro.com/en/news/winner-of-12th-abn-amro-art-prize-gets-exhibition-at-stedelijk-museum-in
ABN AMRO;ABN AMRO is doubling the number of Help with Banking advisers;https://www.abnamro.com/en/news/abn-amro-is-doubling-the-number-of-help-with-banking-advisers
Deutsche Bank;Deutsche Bank collaborates with industry partners to launch paper on blockchain interoperability;https://www.db.com/news/detail/20240607-deutsche-bank-collaborates-with-industry-partners-to-launch-paper-on-blockchain-interoperability?language_id=1
Deutsche Bank;Volunteering is democracy in action;https://www.db.com/news/detail/20240604-this-is-a-headline?language_id=1
Deutsche Bank;Bitpanda expands partnership with Deutsche Bank;https://www.db.com/news/detail/20240604-bitpanda-expands-partnership-with-deutsche-bank?language_id=1
Deutsche Bank;China’s Swap Connect a year later – significance to Global Markets;https://www.db.com/news/detail/20240530-china-s-swap-connect-a-year-later-significance-to-global-markets?language_id=1
Deutsche Bank;Best Custody Services provider in Emerging Markets;https://www.db.com/news/detail/20240531-best-custody-services-provider-in-emerging-markets?language_id=1
Deutsche Bank;Raising Diverse Voices in the Art World with Frieze;https://www.db.com/news/detail/20240521-raising-diverse-voices-in-the-art-world-with-frieze?language_id=1
Deutsche Bank;European Investment Bank and Deutsche Bank launch mortgage programme for climate-friendly housing and energy-efficient home modernisation in Germany;https://www.db.com/news/detail/20240517-european-investment-bank-and-deutsche-bank-launch-mortgage-programme-for-climate-friendly-housing-and-energy-efficient-home-modernisation-in-germany?language_id=1
Deutsche Bank;Deutsche Bank Singapore receives SG Enable’s Platinum Enabling Mark for disability inclusion;https://www.db.com/news/detail/20240521-deutsche-bank-singapore-receives-sgenable-s-platinum-enabling-mark-for-disability-inclusion?language_id=1
Deutsche Bank;Number 1 Transaction Bank in Asia Pacific;https://www.db.com/news/detail/20240516-number-1-transaction-bank-in-asia-pacific?language_id=1
Deutsche Bank;Deutsche Bank joins Project Guardian to explore asset tokenization applications;https://www.db.com/news/detail/20240514-deutsche-bank-joins-project-guardian-to-explore-asset-tokenization-applications?language_id=1